In bed start,In bed Finish,Minutes in bed,Minutes asleep,Time to fall sleep,Number of sleep periods
10-Oct-2016 23:03,11-Oct-2016 06:18,435.85957831641,0.0,0.0,0
12-Oct-2016 00:00,12-Oct-2016 07:00,420.866666666667,0.0,0.0,0
12-Oct-2016 07:05,12-Oct-2016 07:09,4.11660088300705,0.0,0.0,0
12-Oct-2016 23:00,13-Oct-2016 06:10,430.2,0.0,0.0,0
13-Oct-2016 06:16,13-Oct-2016 06:19,3.05119556685289,0.0,0.0,0
13-Oct-2016 23:00,14-Oct-2016 06:08,428.666666666667,0.0,0.0,0
14-Oct-2016 06:08,14-Oct-2016 06:09,0.829772500197093,0.0,0.0,0
16-Oct-2016 23:00,17-Oct-2016 06:09,429.8,0.0,0.0,0
17-Oct-2016 06:10,17-Oct-2016 07:09,59.0,0.0,0.0,0
17-Oct-2016 07:10,17-Oct-2016 07:14,4.04878971676032,0.0,0.0,0
18-Oct-2016 23:00,19-Oct-2016 06:16,436.733333333333,0.0,0.0,0
19-Oct-2016 06:37,19-Oct-2016 06:47,10.5260443001986,0.0,0.0,0
20-Oct-2016 01:45,20-Oct-2016 08:03,378.866666666667,0.0,0.0,0
20-Oct-2016 08:06,20-Oct-2016 08:13,7.4,0.0,0.0,0
20-Oct-2016 08:17,20-Oct-2016 08:21,4.173453566432,0.0,0.0,0
20-Oct-2016 22:55,21-Oct-2016 06:04,429.0,0.0,0.0,0
21-Oct-2016 06:04,21-Oct-2016 06:13,8.91406388382117,0.0,0.0,0
22-Oct-2016 00:00,22-Oct-2016 08:00,480.064644016822,0.0,0.0,0
23-Oct-2016 02:15,23-Oct-2016 09:22,427.333333333333,0.0,0.0,0
23-Oct-2016 09:22,23-Oct-2016 09:46,23.7333333333333,0.0,0.0,0
23-Oct-2016 09:50,23-Oct-2016 10:02,12.2666666666667,0.0,0.0,0
23-Oct-2016 10:03,23-Oct-2016 10:15,12.3465101997058,0.0,0.0,0
24-Oct-2016 01:10,24-Oct-2016 07:49,399.333333333333,0.0,0.0,0
24-Oct-2016 08:04,24-Oct-2016 08:10,5.82309451699257,0.0,0.0,0
24-Oct-2016 23:35,25-Oct-2016 07:05,450.2,0.0,0.0,0
25-Oct-2016 07:26,25-Oct-2016 07:31,5.32096069951852,0.0,0.0,0
26-Oct-2016 00:35,26-Oct-2016 07:45,430.466666666667,0.0,0.0,0
26-Oct-2016 07:49,26-Oct-2016 07:54,4.92500226696332,0.0,0.0,0
27-Oct-2016 00:35,27-Oct-2016 07:35,420.466666666667,0.0,0.0,0
27-Oct-2016 07:40,27-Oct-2016 07:41,0.6,0.0,0.0,0
27-Oct-2016 07:47,27-Oct-2016 07:53,6.39846088290215,0.0,0.0,0
28-Oct-2016 00:35,28-Oct-2016 07:41,426.0,0.0,0.0,0
28-Oct-2016 07:45,28-Oct-2016 07:45,0.0666666666666667,0.0,0.0,0
28-Oct-2016 07:54,28-Oct-2016 07:55,0.466666666666667,0.0,0.0,0
28-Oct-2016 07:55,28-Oct-2016 08:02,7.45636556645234,0.0,0.0,0
29-Oct-2016 05:00,29-Oct-2016 08:34,214.4,0.0,0.0,0
29-Oct-2016 08:36,29-Oct-2016 08:39,3.73333333333333,0.0,0.0,0
29-Oct-2016 08:42,29-Oct-2016 08:46,3.66666666666667,0.0,0.0,0
29-Oct-2016 08:47,29-Oct-2016 09:13,25.8666666666667,0.0,0.0,0
29-Oct-2016 09:32,29-Oct-2016 11:04,92.1351812998454,0.0,0.0,0
30-Oct-2016 01:15,30-Oct-2016 07:38,383.455241749684,0.0,0.0,0
31-Oct-2016 02:20,31-Oct-2016 07:19,299.666666666667,0.0,0.0,0
31-Oct-2016 07:19,31-Oct-2016 07:30,10.5333333333333,0.0,0.0,0
31-Oct-2016 07:31,31-Oct-2016 07:39,8.53521118362745,0.0,0.0,0
31-Oct-2016 22:15,01-Nov-2016 06:37,502.733333333333,0.0,0.0,0
01-Nov-2016 06:39,01-Nov-2016 06:42,2.4,0.0,0.0,0
01-Nov-2016 06:47,01-Nov-2016 07:04,17.2460753997167,0.0,0.0,0
01-Nov-2016 23:30,02-Nov-2016 05:49,379.4,0.0,0.0,0
02-Nov-2016 05:52,02-Nov-2016 05:58,6.16304459969203,0.0,0.0,0
03-Nov-2016 01:55,03-Nov-2016 08:04,369.266666666667,0.0,0.0,0
03-Nov-2016 08:05,03-Nov-2016 08:13,7.75931973357995,0.0,0.0,0
04-Nov-2016 01:15,04-Nov-2016 07:42,387.666666666667,0.0,0.0,0
04-Nov-2016 07:44,04-Nov-2016 07:45,0.69260203341643,0.0,0.0,0
05-Nov-2016 01:15,05-Nov-2016 09:30,495.823431499799,0.0,0.0,0
06-Nov-2016 01:15,06-Nov-2016 08:19,484.666666666667,0.0,0.0,0
06-Nov-2016 08:45,06-Nov-2016 08:57,11.3333333333333,0.0,0.0,0
06-Nov-2016 09:00,06-Nov-2016 09:05,5.4,0.0,0.0,0
06-Nov-2016 09:05,06-Nov-2016 09:17,11.3333333333333,0.0,0.0,0
06-Nov-2016 09:19,06-Nov-2016 09:20,0.179339616497358,0.0,0.0,0
06-Nov-2016 23:10,07-Nov-2016 06:10,420.734798033039,0.0,0.0,0
07-Nov-2016 23:30,08-Nov-2016 06:16,406.8,0.0,0.0,0
08-Nov-2016 06:32,08-Nov-2016 06:32,0.386653866370519,0.0,0.0,0
09-Nov-2016 00:36,09-Nov-2016 07:12,396.133333333333,0.0,0.0,0
09-Nov-2016 07:13,09-Nov-2016 07:30,17.0730411499739,0.0,0.0,0
10-Nov-2016 00:00,10-Nov-2016 06:18,378.310388916731,0.0,0.0,0
10-Nov-2016 23:50,11-Nov-2016 06:10,380.561410599947,0.0,0.0,0
12-Nov-2016 03:50,12-Nov-2016 08:36,286.066666666667,0.0,0.0,0
12-Nov-2016 08:48,12-Nov-2016 08:54,6.6,0.0,0.0,0
12-Nov-2016 09:02,12-Nov-2016 09:16,13.8666666666667,0.0,0.0,0
12-Nov-2016 09:18,12-Nov-2016 09:37,18.4666666666667,0.0,0.0,0
12-Nov-2016 09:38,12-Nov-2016 09:39,1.13333333333333,0.0,0.0,0
12-Nov-2016 09:41,12-Nov-2016 09:42,0.4,0.0,0.0,0
12-Nov-2016 09:47,12-Nov-2016 09:48,0.6,0.0,0.0,0
12-Nov-2016 09:50,12-Nov-2016 09:59,8.63989591697852,0.0,0.0,0
13-Nov-2016 22:50,14-Nov-2016 06:29,459.0,0.0,0.0,0
14-Nov-2016 22:50,15-Nov-2016 06:19,449.866666666667,0.0,0.0,0
16-Nov-2016 02:00,16-Nov-2016 06:47,287.4,0.0,0.0,0
16-Nov-2016 06:54,16-Nov-2016 06:56,2.06666666666667,0.0,0.0,0
16-Nov-2016 06:57,16-Nov-2016 07:59,62.4,0.0,0.0,0
16-Nov-2016 08:00,16-Nov-2016 08:20,19.6559642831484,0.0,0.0,0
16-Nov-2016 23:15,17-Nov-2016 06:49,454.533333333333,0.0,0.0,0
17-Nov-2016 07:01,17-Nov-2016 07:05,3.97411804993947,0.0,0.0,0
17-Nov-2016 23:16,18-Nov-2016 02:40,204.266666666667,0.0,0.0,0
18-Nov-2016 02:41,18-Nov-2016 03:23,42.7333333333333,0.0,0.0,0
18-Nov-2016 03:24,18-Nov-2016 03:24,0.333333333333333,0.0,0.0,0
18-Nov-2016 03:26,18-Nov-2016 03:33,6.93333333333333,0.0,0.0,0
18-Nov-2016 23:15,19-Nov-2016 02:30,195.234283483028,0.0,0.0,0
20-Nov-2016 01:29,20-Nov-2016 02:30,60.7317804495494,0.0,0.0,0
21-Nov-2016 01:00,21-Nov-2016 07:35,395.866666666667,0.0,0.0,0
21-Nov-2016 07:43,21-Nov-2016 07:44,1.34598768353462,0.0,0.0,0
22-Nov-2016 01:15,22-Nov-2016 08:15,420.596704583367,0.0,0.0,0
23-Nov-2016 01:30,23-Nov-2016 08:30,420.148547700048,0.0,0.0,0
24-Nov-2016 01:30,24-Nov-2016 08:30,420.991176750263,0.0,0.0,0
25-Nov-2016 01:30,25-Nov-2016 08:31,421.733333333333,0.0,0.0,0
25-Nov-2016 23:30,26-Nov-2016 04:50,320.436042700211,0.0,0.0,0
27-Nov-2016 02:01,27-Nov-2016 10:01,479.959436483185,0.0,0.0,0
28-Nov-2016 00:15,28-Nov-2016 07:53,458.620209500194,0.0,0.0,0
28-Nov-2016 23:35,29-Nov-2016 07:00,445.376734133561,0.0,0.0,0
30-Nov-2016 02:05,30-Nov-2016 06:25,260.466666666667,0.0,0.0,0
30-Nov-2016 06:27,30-Nov-2016 06:32,4.48602731625239,0.0,0.0,0
30-Nov-2016 22:45,01-Dec-2016 07:04,499.049396433433,0.0,0.0,0
01-Dec-2016 23:30,02-Dec-2016 05:58,388.56232709984,0.0,0.0,0
02-Dec-2016 05:59,02-Dec-2016 07:00,61.1578296164672,0.0,0.0,0
02-Dec-2016 23:53,03-Dec-2016 07:09,436.754532016317,0.0,0.0,0
03-Dec-2016 23:46,04-Dec-2016 07:19,452.466666666667,0.0,0.0,0
04-Dec-2016 07:19,04-Dec-2016 07:28,8.84816953341166,0.0,0.0,0
04-Dec-2016 23:30,05-Dec-2016 07:00,450.666666666667,0.0,0.0,0
05-Dec-2016 07:01,05-Dec-2016 07:06,5.6,0.0,0.0,0
06-Dec-2016 01:00,06-Dec-2016 07:10,370.133333333333,0.0,0.0,0
06-Dec-2016 07:10,06-Dec-2016 07:16,6.33333333333333,0.0,0.0,0
06-Dec-2016 07:25,06-Dec-2016 07:27,1.72037971715132,0.0,0.0,0
06-Dec-2016 23:00,07-Dec-2016 07:00,480.266666666667,0.0,0.0,0
07-Dec-2016 07:05,07-Dec-2016 07:09,3.90508621633053,0.0,0.0,0
07-Dec-2016 23:00,08-Dec-2016 06:09,429.673224550486,0.0,0.0,0
09-Dec-2016 00:31,09-Dec-2016 06:51,380.333333333333,0.0,0.0,0
09-Dec-2016 06:53,09-Dec-2016 06:54,1.15659544964631,0.0,0.0,0
09-Dec-2016 23:49,10-Dec-2016 06:00,371.609580699603,0.0,0.0,0
10-Dec-2016 23:00,11-Dec-2016 00:54,114.6,0.0,0.0,0
11-Dec-2016 00:55,11-Dec-2016 06:00,305.301487083236,0.0,0.0,0
11-Dec-2016 23:00,12-Dec-2016 06:28,448.733333333333,0.0,0.0,0
12-Dec-2016 06:38,12-Dec-2016 06:51,13.5306660662095,0.0,0.0,0
12-Dec-2016 23:00,13-Dec-2016 06:00,420.4,0.0,0.0,0
13-Dec-2016 06:00,13-Dec-2016 06:15,15.1333333333333,0.0,0.0,0
13-Dec-2016 06:21,13-Dec-2016 06:22,1.74801241656144,0.0,0.0,0
13-Dec-2016 23:00,14-Dec-2016 06:28,448.466666666667,0.0,0.0,0
14-Dec-2016 06:28,14-Dec-2016 06:36,7.73196853299936,0.0,0.0,0
14-Dec-2016 23:00,15-Dec-2016 06:09,429.533333333333,0.0,0.0,0
15-Dec-2016 06:10,15-Dec-2016 06:16,6.80458993315697,0.0,0.0,0
16-Dec-2016 00:45,16-Dec-2016 07:43,418.133333333333,0.0,0.0,0
16-Dec-2016 07:45,16-Dec-2016 07:54,9.05181174973647,0.0,0.0,0
17-Dec-2016 00:45,17-Dec-2016 07:48,423.731517333786,0.0,0.0,0
17-Dec-2016 23:55,18-Dec-2016 07:32,457.2,0.0,0.0,0
18-Dec-2016 07:34,18-Dec-2016 07:39,4.8,0.0,0.0,0
18-Dec-2016 07:39,18-Dec-2016 07:41,1.7938608666261,0.0,0.0,0
19-Dec-2016 00:29,19-Dec-2016 07:14,404.266666666667,0.0,0.0,0
19-Dec-2016 07:19,19-Dec-2016 07:23,3.34823931654294,0.0,0.0,0
20-Dec-2016 01:00,20-Dec-2016 07:58,418.933333333333,0.0,0.0,0
20-Dec-2016 08:00,20-Dec-2016 08:01,1.0,0.0,0.0,0
20-Dec-2016 08:08,20-Dec-2016 08:10,2.08580031692982,0.0,0.0,0
21-Dec-2016 02:00,21-Dec-2016 09:19,439.1139171501,0.0,0.0,0
22-Dec-2016 03:08,22-Dec-2016 09:19,370.53665723304,0.0,0.0,0
23-Dec-2016 02:00,23-Dec-2016 09:09,429.581488500039,0.0,0.0,0
24-Dec-2016 02:00,24-Dec-2016 09:09,429.621770783265,0.0,0.0,0
25-Dec-2016 02:00,25-Dec-2016 09:03,423.6,0.0,0.0,0
25-Dec-2016 09:04,25-Dec-2016 09:18,14.8395447502534,0.0,0.0,0
26-Dec-2016 02:00,26-Dec-2016 09:23,443.733333333333,0.0,0.0,0
26-Dec-2016 09:24,26-Dec-2016 09:28,4.54825466672579,0.0,0.0,0
27-Dec-2016 02:00,27-Dec-2016 09:18,438.815274000168,0.0,0.0,0
28-Dec-2016 02:00,28-Dec-2016 08:36,396.466666666667,0.0,0.0,0
28-Dec-2016 08:36,28-Dec-2016 09:19,42.5299691836039,0.0,0.0,0
29-Dec-2016 03:47,29-Dec-2016 09:19,332.0,0.0,0.0,0
29-Dec-2016 09:19,29-Dec-2016 09:28,8.96469773352146,0.0,0.0,0
30-Dec-2016 02:51,30-Dec-2016 09:00,369.266666666667,0.0,0.0,0
30-Dec-2016 09:00,30-Dec-2016 09:15,14.8666666666667,0.0,0.0,0
30-Dec-2016 09:15,30-Dec-2016 09:33,17.6902173668146,0.0,0.0,0
31-Dec-2016 08:51,31-Dec-2016 08:52,0.8,0.0,0.0,0
01-Jan-2017 02:29,01-Jan-2017 09:00,391.067894183596,0.0,0.0,0
02-Jan-2017 02:00,02-Jan-2017 09:00,420.36066779991,0.0,0.0,0
03-Jan-2017 01:00,03-Jan-2017 09:00,480.307981699705,0.0,0.0,0
04-Jan-2017 02:25,04-Jan-2017 09:00,394.348737066984,0.0,0.0,0
05-Jan-2017 02:00,05-Jan-2017 09:28,448.421582033237,0.0,0.0,0
06-Jan-2017 01:28,06-Jan-2017 08:00,392.465467433135,0.0,0.0,0
07-Jan-2017 01:46,07-Jan-2017 04:35,168.333333333333,0.0,0.0,0
07-Jan-2017 04:49,07-Jan-2017 08:00,190.980243800084,0.0,0.0,0
08-Jan-2017 01:00,08-Jan-2017 08:37,457.892857433359,0.0,0.0,0
09-Jan-2017 01:00,09-Jan-2017 02:42,102.2,0.0,0.0,0
09-Jan-2017 02:50,09-Jan-2017 02:51,1.06666666666667,0.0,0.0,0
09-Jan-2017 02:54,09-Jan-2017 08:28,333.566675283511,0.0,0.0,0
10-Jan-2017 01:02,10-Jan-2017 08:00,418.032036067049,0.0,0.0,0
11-Jan-2017 01:11,11-Jan-2017 07:56,405.238113466899,0.0,0.0,0
12-Jan-2017 01:28,12-Jan-2017 07:03,335.549231666327,0.0,0.0,0
13-Jan-2017 01:04,13-Jan-2017 07:00,356.265055050453,0.0,0.0,0
14-Jan-2017 00:40,14-Jan-2017 07:00,379.814206450184,0.0,0.0,0
15-Jan-2017 00:31,15-Jan-2017 07:00,389.19101340572,0.0,0.0,0
16-Jan-2017 00:00,16-Jan-2017 07:36,456.066666666667,0.0,0.0,0
16-Jan-2017 07:36,16-Jan-2017 07:37,0.80169324974219,0.0,0.0,0
17-Jan-2017 01:00,17-Jan-2017 08:19,439.116499567032,0.0,0.0,0
18-Jan-2017 03:05,18-Jan-2017 10:14,429.866666666667,0.0,0.0,0
18-Jan-2017 10:20,18-Jan-2017 10:33,13.6662719498078,0.0,0.0,0
19-Jan-2017 01:15,19-Jan-2017 08:34,439.266666666667,0.0,0.0,0
19-Jan-2017 08:34,19-Jan-2017 08:44,9.6,0.0,0.0,0
19-Jan-2017 08:44,19-Jan-2017 08:45,0.323713266849518,0.0,0.0,0
20-Jan-2017 00:04,20-Jan-2017 01:14,70.6666666666667,0.0,0.0,0
20-Jan-2017 01:35,20-Jan-2017 06:24,288.649267983437,0.0,0.0,0
20-Jan-2017 22:45,21-Jan-2017 06:23,458.805800149838,0.0,0.0,0
21-Jan-2017 23:40,22-Jan-2017 07:27,467.933333333333,0.0,0.0,0
22-Jan-2017 07:28,22-Jan-2017 07:55,27.1427694002787,0.0,0.0,0
22-Jan-2017 22:00,23-Jan-2017 06:58,538.130010417104,0.0,0.0,0
23-Jan-2017 22:17,24-Jan-2017 07:17,539.990689399838,0.0,0.0,0
24-Jan-2017 23:30,25-Jan-2017 07:17,467.360554683208,0.0,0.0,0
25-Jan-2017 23:30,26-Jan-2017 06:40,430.0,0.0,0.0,0
26-Jan-2017 06:45,26-Jan-2017 06:46,0.533333333333333,0.0,0.0,0
26-Jan-2017 06:55,26-Jan-2017 06:58,3.60173475046953,0.0,0.0,0
29-Jan-2017 01:00,29-Jan-2017 08:10,430.092885517081,0.0,0.0,0
29-Jan-2017 23:00,30-Jan-2017 07:19,499.466666666667,0.0,0.0,0
30-Jan-2017 07:21,30-Jan-2017 07:28,7.66666666666667,0.0,0.0,0
30-Jan-2017 07:29,30-Jan-2017 07:37,8.96157400012016,0.0,0.0,0
31-Jan-2017 23:45,01-Feb-2017 07:04,439.4,0.0,0.0,0
01-Feb-2017 07:04,01-Feb-2017 07:23,18.1333333333333,0.0,0.0,0
01-Feb-2017 07:51,01-Feb-2017 07:59,8.0500640998284,0.0,0.0,0
01-Feb-2017 23:45,02-Feb-2017 07:14,449.466666666667,0.0,0.0,0
02-Feb-2017 07:17,02-Feb-2017 07:23,6.02552198370298,0.0,0.0,0
03-Feb-2017 00:50,03-Feb-2017 08:08,438.872676616907,0.0,0.0,0
03-Feb-2017 23:15,04-Feb-2017 07:14,479.866666666667,0.0,0.0,0
04-Feb-2017 07:24,04-Feb-2017 07:32,8.39940175016721,0.0,0.0,0
04-Feb-2017 23:50,05-Feb-2017 07:49,479.534122049809,0.0,0.0,0
06-Feb-2017 00:22,06-Feb-2017 07:58,456.866666666667,0.0,0.0,0
06-Feb-2017 08:04,06-Feb-2017 08:08,3.88015096684297,0.0,0.0,0
07-Feb-2017 23:50,08-Feb-2017 08:08,498.6,0.0,0.0,0
08-Feb-2017 08:15,08-Feb-2017 08:17,2.85276999970277,0.0,0.0,0
10-Feb-2017 07:54,10-Feb-2017 07:54,0.423452850182851,0.0,0.0,0
11-Feb-2017 01:58,11-Feb-2017 07:29,331.333333333333,0.0,0.0,0
11-Feb-2017 07:30,11-Feb-2017 07:35,5.0,0.0,0.0,0
11-Feb-2017 07:36,11-Feb-2017 08:00,23.601037500302,0.0,0.0,0
12-Feb-2017 01:22,12-Feb-2017 08:19,416.865850399931,0.0,0.0,0
13-Feb-2017 23:49,14-Feb-2017 06:49,420.0,0.0,0.0,0
14-Feb-2017 07:05,14-Feb-2017 07:07,2.94802686671416,0.0,0.0,0
14-Feb-2017 23:34,15-Feb-2017 07:35,481.4,0.0,0.0,0
15-Feb-2017 07:39,15-Feb-2017 07:40,0.8,0.0,0.0,0
15-Feb-2017 07:40,15-Feb-2017 07:45,4.7697707504034,0.0,0.0,0
18-Feb-2017 02:04,18-Feb-2017 08:00,356.11373638312,0.0,0.0,0
19-Feb-2017 09:23,19-Feb-2017 09:31,8.23197863300641,0.0,0.0,0
20-Feb-2017 01:00,20-Feb-2017 07:38,398.866666666667,0.0,0.0,0
20-Feb-2017 07:59,20-Feb-2017 08:00,0.741733716924985,0.0,0.0,0
20-Feb-2017 23:30,21-Feb-2017 07:10,460.133333333333,0.0,0.0,0
21-Feb-2017 07:14,21-Feb-2017 07:14,0.6,0.0,0.0,0
21-Feb-2017 07:43,21-Feb-2017 07:43,0.861213283737501,0.0,0.0,0
22-Feb-2017 02:00,22-Feb-2017 08:36,396.0,0.0,0.0,0
22-Feb-2017 08:40,22-Feb-2017 08:57,17.4,0.0,0.0,0
22-Feb-2017 08:58,22-Feb-2017 09:00,2.26095696687698,0.0,0.0,0
23-Feb-2017 01:00,23-Feb-2017 08:06,426.666666666667,0.0,0.0,0
23-Feb-2017 08:08,23-Feb-2017 08:09,0.934776199857394,0.0,0.0,0
24-Feb-2017 01:16,24-Feb-2017 08:00,403.908422933022,0.0,0.0,0
25-Feb-2017 01:09,25-Feb-2017 07:50,400.333333333333,0.0,0.0,0
25-Feb-2017 07:51,25-Feb-2017 08:00,8.98218488295873,0.0,0.0,0
26-Feb-2017 01:00,26-Feb-2017 08:09,429.0,0.0,0.0,0
27-Feb-2017 01:00,27-Feb-2017 05:54,294.733333333333,0.0,0.0,0
27-Feb-2017 05:55,27-Feb-2017 05:58,3.13333333333333,0.0,0.0,0
27-Feb-2017 05:58,27-Feb-2017 06:01,2.26666666666667,0.0,0.0,0
27-Feb-2017 06:02,27-Feb-2017 06:03,1.20859889984131,0.0,0.0,0
28-Feb-2017 03:20,28-Feb-2017 08:30,310.085107033451,0.0,0.0,0
28-Feb-2017 21:40,01-Mar-2017 06:37,537.8,0.0,0.0,0
01-Mar-2017 06:40,01-Mar-2017 06:43,3.11745261649291,0.0,0.0,0
01-Mar-2017 21:46,02-Mar-2017 06:00,493.805976566672,0.0,0.0,0
02-Mar-2017 23:35,03-Mar-2017 07:35,480.183555066586,0.0,0.0,0
04-Mar-2017 01:19,04-Mar-2017 07:35,376.300288833181,0.0,0.0,0
05-Mar-2017 23:47,06-Mar-2017 07:34,467.133333333333,0.0,0.0,0
06-Mar-2017 07:53,06-Mar-2017 08:00,6.73333333333333,0.0,0.0,0
06-Mar-2017 08:00,06-Mar-2017 08:02,1.82377178370953,0.0,0.0,0
07-Mar-2017 00:15,07-Mar-2017 07:39,444.733333333333,0.0,0.0,0
07-Mar-2017 08:08,07-Mar-2017 08:10,2.06666666666667,0.0,0.0,0
07-Mar-2017 08:11,07-Mar-2017 08:11,0.65208681623141,0.0,0.0,0
08-Mar-2017 00:49,08-Mar-2017 08:03,433.8,0.0,0.0,0
08-Mar-2017 08:04,08-Mar-2017 08:12,8.33380163311958,0.0,0.0,0
08-Mar-2017 23:35,09-Mar-2017 07:35,480.248038250208,0.0,0.0,0
09-Mar-2017 23:35,10-Mar-2017 07:27,472.2,0.0,0.0,0
10-Mar-2017 07:27,10-Mar-2017 07:35,7.63015743295352,0.0,0.0,0
10-Mar-2017 23:53,11-Mar-2017 01:09,75.9333333333333,0.0,0.0,0
11-Mar-2017 01:17,11-Mar-2017 07:35,378.311325816313,0.0,0.0,0
11-Mar-2017 23:35,12-Mar-2017 08:22,467.319928982854,0.0,0.0,0
12-Mar-2017 23:50,13-Mar-2017 07:54,483.933333333333,0.0,0.0,0
13-Mar-2017 07:56,13-Mar-2017 08:03,6.95139808356762,0.0,0.0,0
14-Mar-2017 00:38,14-Mar-2017 07:35,416.70505370001,0.0,0.0,0
15-Mar-2017 00:40,15-Mar-2017 08:08,448.374611649911,0.0,0.0,0
16-Mar-2017 01:34,16-Mar-2017 07:58,384.066666666667,0.0,0.0,0
16-Mar-2017 08:00,16-Mar-2017 08:15,14.9583206832409,0.0,0.0,0
17-Mar-2017 01:15,17-Mar-2017 08:19,424.094713916381,0.0,0.0,0
18-Mar-2017 01:15,18-Mar-2017 08:15,420.256580533584,0.0,0.0,0
19-Mar-2017 05:35,19-Mar-2017 08:22,167.166356966893,0.0,0.0,0
19-Mar-2017 23:30,20-Mar-2017 07:23,473.665988750259,0.0,0.0,0
21-Mar-2017 23:30,22-Mar-2017 06:58,448.593440133333,0.0,0.0,0
24-Mar-2017 00:35,24-Mar-2017 07:57,442.717114883661,0.0,0.0,0
25-Mar-2017 00:35,25-Mar-2017 08:10,455.533333333333,0.0,0.0,0
25-Mar-2017 08:22,25-Mar-2017 08:30,7.95741048355897,0.0,0.0,0
26-Mar-2017 00:35,26-Mar-2017 07:15,400.2,0.0,0.0,0
26-Mar-2017 07:17,26-Mar-2017 07:19,2.6,0.0,0.0,0
26-Mar-2017 07:22,26-Mar-2017 07:53,30.9969246834517,0.0,0.0,0
27-Mar-2017 00:51,27-Mar-2017 08:12,440.533333333333,0.0,0.0,0
27-Mar-2017 08:22,27-Mar-2017 08:30,8.64490353365739,0.0,0.0,0
28-Mar-2017 00:35,28-Mar-2017 08:03,448.933333333333,0.0,0.0,0
28-Mar-2017 08:09,28-Mar-2017 08:13,3.32210500041644,0.0,0.0,0
29-Mar-2017 00:38,29-Mar-2017 07:55,437.428056483467,0.0,0.0,0
30-Mar-2017 00:35,30-Mar-2017 07:51,436.832544749975,0.0,0.0,0
31-Mar-2017 00:35,31-Mar-2017 07:44,429.538669983546,0.0,0.0,0
01-Apr-2017 01:25,01-Apr-2017 08:30,424.657979533076,0.0,0.0,0
02-Apr-2017 00:35,02-Apr-2017 07:35,420.879526983698,0.0,0.0,0
04-Apr-2017 00:35,04-Apr-2017 07:44,429.692255933086,0.0,0.0,0
05-Apr-2017 00:35,05-Apr-2017 07:54,439.2,0.0,0.0,0
05-Apr-2017 07:54,05-Apr-2017 07:55,0.533333333333333,0.0,0.0,0
05-Apr-2017 07:56,05-Apr-2017 08:03,7.30636884967486,0.0,0.0,0
06-Apr-2017 00:35,06-Apr-2017 08:03,448.466666666667,0.0,0.0,0
06-Apr-2017 08:08,06-Apr-2017 08:09,0.732692799965541,0.0,0.0,0
07-Apr-2017 00:35,07-Apr-2017 07:22,407.133333333333,0.0,0.0,0
07-Apr-2017 07:30,07-Apr-2017 07:35,4.49303589959939,0.0,0.0,0
08-Apr-2017 00:35,08-Apr-2017 08:12,457.213557216525,0.0,0.0,0
09-Apr-2017 00:35,09-Apr-2017 08:56,501.458835966388,0.0,0.0,0
10-Apr-2017 01:10,10-Apr-2017 06:32,322.666666666667,0.0,0.0,0
10-Apr-2017 06:50,10-Apr-2017 06:55,4.46666666666667,0.0,0.0,0
10-Apr-2017 06:55,10-Apr-2017 06:58,3.00917559961478,0.0,0.0,0
10-Apr-2017 22:30,11-Apr-2017 07:19,529.666666666667,0.0,0.0,0
11-Apr-2017 07:41,11-Apr-2017 07:44,2.69328203300635,0.0,0.0,0
12-Apr-2017 00:30,12-Apr-2017 07:31,421.169020516674,0.0,0.0,0
13-Apr-2017 00:30,13-Apr-2017 07:34,424.933333333333,0.0,0.0,0
13-Apr-2017 08:00,13-Apr-2017 08:06,6.00715849995613,0.0,0.0,0
14-Apr-2017 00:30,14-Apr-2017 02:36,126.933333333333,0.0,0.0,0
14-Apr-2017 02:46,14-Apr-2017 07:48,302.370379166802,0.0,0.0,0
15-Apr-2017 00:30,15-Apr-2017 07:58,448.476964499553,0.0,0.0,0
16-Apr-2017 00:30,16-Apr-2017 07:58,448.083321450154,0.0,0.0,0
17-Apr-2017 00:30,17-Apr-2017 07:33,423.333333333333,0.0,0.0,0
17-Apr-2017 07:51,17-Apr-2017 07:57,5.77101670006911,0.0,0.0,0
18-Apr-2017 00:30,18-Apr-2017 07:39,429.589965683222,0.0,0.0,0
19-Apr-2017 00:30,19-Apr-2017 08:07,457.6,0.0,0.0,0
19-Apr-2017 08:12,19-Apr-2017 08:16,4.61221901675065,0.0,0.0,0
20-Apr-2017 00:30,20-Apr-2017 07:39,429.8,0.0,0.0,0
20-Apr-2017 07:58,20-Apr-2017 08:07,8.37873156666756,0.0,0.0,0
20-Apr-2017 23:00,21-Apr-2017 06:28,448.510454550385,0.0,0.0,0
22-Apr-2017 00:15,22-Apr-2017 05:16,301.666666666667,0.0,0.0,0
22-Apr-2017 05:19,22-Apr-2017 05:27,7.90660185019175,0.0,0.0,0
23-Apr-2017 01:35,23-Apr-2017 09:14,459.4,0.0,0.0,0
23-Apr-2017 09:26,23-Apr-2017 09:35,8.92441921631495,0.0,0.0,0
23-Apr-2017 23:30,24-Apr-2017 07:10,460.2,0.0,0.0,0
24-Apr-2017 07:10,24-Apr-2017 07:38,27.2423898498217,0.0,0.0,0
26-Apr-2017 01:55,26-Apr-2017 08:59,424.833882782857,0.0,0.0,0
27-Apr-2017 00:30,27-Apr-2017 08:44,494.556233850121,0.0,0.0,0
27-Apr-2017 23:30,28-Apr-2017 06:39,429.866666666667,0.0,0.0,0
28-Apr-2017 06:46,28-Apr-2017 06:49,2.36203738351663,0.0,0.0,0
28-Apr-2017 23:30,29-Apr-2017 06:58,448.533333333333,0.0,0.0,0
29-Apr-2017 07:00,29-Apr-2017 07:17,17.1012011329333,0.0,0.0,0
29-Apr-2017 23:51,30-Apr-2017 06:58,426.6,0.0,0.0,0
30-Apr-2017 06:58,30-Apr-2017 07:07,8.99270906647046,0.0,0.0,0
30-Apr-2017 23:30,01-May-2017 07:28,478.133333333333,0.0,0.0,0
01-May-2017 07:30,01-May-2017 07:31,0.916712216536204,0.0,0.0,0
02-May-2017 03:34,02-May-2017 06:30,175.752776149909,0.0,0.0,0
02-May-2017 23:45,03-May-2017 07:07,441.8,0.0,0.0,0
03-May-2017 07:23,03-May-2017 07:23,0.533333333333333,0.0,0.0,0
04-May-2017 01:50,04-May-2017 07:35,344.724603849649,0.0,0.0,0
05-May-2017 02:26,05-May-2017 08:22,356.510605125626,0.0,0.0,0
06-May-2017 00:11,06-May-2017 06:30,379.318381383022,0.0,0.0,0
07-May-2017 00:35,07-May-2017 07:53,438.606255867084,0.0,0.0,0
07-May-2017 23:30,08-May-2017 07:12,462.4,0.0,0.0,0
08-May-2017 07:17,08-May-2017 07:41,23.1336039334536,0.0,0.0,0
08-May-2017 23:30,09-May-2017 07:11,461.839871049921,0.0,0.0,0
09-May-2017 23:30,10-May-2017 06:49,439.0,0.0,0.0,0
10-May-2017 06:49,10-May-2017 06:51,1.86666666666667,0.0,0.0,0
11-May-2017 02:00,11-May-2017 09:10,430.0,0.0,0.0,0
12-May-2017 04:25,12-May-2017 08:13,228.444624533256,0.0,0.0,0
13-May-2017 06:35,13-May-2017 07:54,79.3914616356293,0.0,0.0,0
14-May-2017 23:40,15-May-2017 07:45,485.327542733153,0.0,0.0,0
16-May-2017 00:09,16-May-2017 07:59,469.275074617068,0.0,0.0,0
17-May-2017 00:00,17-May-2017 07:30,450.080355800192,0.0,0.0,0
17-May-2017 23:30,18-May-2017 07:38,488.150106400251,0.0,0.0,0
18-May-2017 23:30,19-May-2017 07:30,480.528835766514,0.0,0.0,0
20-May-2017 00:09,20-May-2017 07:30,440.618524782856,0.0,0.0,0
21-May-2017 01:34,21-May-2017 07:31,356.90067593356,0.0,0.0,0
21-May-2017 23:30,22-May-2017 08:00,510.161035300295,0.0,0.0,0
22-May-2017 23:30,23-May-2017 08:04,514.260015599926,0.0,0.0,0
23-May-2017 23:30,24-May-2017 07:30,480.375604766607,0.0,0.0,0
24-May-2017 23:30,25-May-2017 08:16,526.594978383184,0.0,0.0,0
25-May-2017 23:41,26-May-2017 07:58,496.987995599707,0.0,0.0,0
27-May-2017 00:30,27-May-2017 03:06,156.2,0.0,0.0,0
27-May-2017 03:22,27-May-2017 08:48,326.255755116542,0.0,0.0,0
28-May-2017 00:59,28-May-2017 08:29,449.266666666667,0.0,0.0,0
28-May-2017 08:31,28-May-2017 08:36,4.80381075044473,0.0,0.0,0
29-May-2017 00:37,29-May-2017 08:30,472.624729883671,0.0,0.0,0
30-May-2017 00:30,30-May-2017 08:06,456.6,0.0,0.0,0
30-May-2017 08:07,30-May-2017 08:30,22.6818319837252,0.0,0.0,0
31-May-2017 00:30,31-May-2017 08:19,469.066666666667,0.0,0.0,0
01-Jun-2017 01:10,01-Jun-2017 08:30,439.467002616326,0.0,0.0,0
02-Jun-2017 00:30,02-Jun-2017 08:30,480.168886400263,0.0,0.0,0
03-Jun-2017 00:30,03-Jun-2017 07:39,429.66933259964,0.0,0.0,0
04-Jun-2017 00:42,04-Jun-2017 07:48,426.473614499966,0.0,0.0,0
05-Jun-2017 02:14,05-Jun-2017 08:08,353.4,0.0,0.0,0
05-Jun-2017 08:17,05-Jun-2017 08:20,2.88341171642145,0.0,0.0,0
06-Jun-2017 00:30,06-Jun-2017 07:26,416.933333333333,0.0,0.0,0
06-Jun-2017 07:42,06-Jun-2017 08:16,34.4246641665697,0.0,0.0,0
07-Jun-2017 01:12,07-Jun-2017 08:35,442.082500816385,0.0,0.0,0
08-Jun-2017 01:59,08-Jun-2017 07:30,331.715185333292,0.0,0.0,0
09-Jun-2017 03:45,09-Jun-2017 07:52,246.524939900637,0.0,0.0,0
10-Jun-2017 00:30,10-Jun-2017 07:30,420.31424758335,0.0,0.0,0
11-Jun-2017 00:30,11-Jun-2017 07:30,420.808545916279,0.0,0.0,0
12-Jun-2017 00:30,12-Jun-2017 07:58,448.25610255003,0.0,0.0,0
13-Jun-2017 00:30,13-Jun-2017 07:48,438.958452450236,0.0,0.0,0
14-Jun-2017 00:45,14-Jun-2017 08:12,447.383963700136,0.0,0.0,0
15-Jun-2017 00:30,15-Jun-2017 07:30,420.867078966896,0.0,0.0,0
16-Jun-2017 01:41,16-Jun-2017 07:30,348.99288461705,0.0,0.0,0
17-Jun-2017 00:30,17-Jun-2017 07:01,391.0,0.0,0.0,0
17-Jun-2017 07:01,17-Jun-2017 07:32,31.0342389663061,0.0,0.0,0
18-Jun-2017 00:30,18-Jun-2017 07:39,429.378535583615,0.0,0.0,0
19-Jun-2017 00:30,19-Jun-2017 07:30,420.277379933,0.0,0.0,0
20-Jun-2017 00:30,20-Jun-2017 07:15,405.066666666667,0.0,0.0,0
20-Jun-2017 07:16,20-Jun-2017 07:30,13.5156886835893,0.0,0.0,0
21-Jun-2017 00:54,21-Jun-2017 07:39,405.114427533746,0.0,0.0,0
22-Jun-2017 00:30,22-Jun-2017 07:39,429.823400966326,0.0,0.0,0
23-Jun-2017 00:30,23-Jun-2017 07:59,448.937095416586,0.0,0.0,0
24-Jun-2017 00:30,24-Jun-2017 07:30,420.281055399775,0.0,0.0,0
25-Jun-2017 00:40,25-Jun-2017 07:58,438.268237400055,0.0,0.0,0
26-Jun-2017 00:30,26-Jun-2017 07:58,448.52264953355,0.0,0.0,0
28-Jun-2017 00:30,28-Jun-2017 08:30,480.316833266616,0.0,0.0,0
29-Jun-2017 00:30,29-Jun-2017 08:08,458.266666666667,0.0,0.0,0
29-Jun-2017 08:09,29-Jun-2017 08:30,20.6504555503527,0.0,0.0,0
30-Jun-2017 00:30,30-Jun-2017 03:57,207.0,0.0,0.0,0
30-Jun-2017 03:57,30-Jun-2017 08:30,273.419290983677,0.0,0.0,0
01-Jul-2017 00:30,01-Jul-2017 08:35,485.306435283025,0.0,0.0,0
02-Jul-2017 02:52,02-Jul-2017 08:49,356.182365983725,0.0,0.0,0
03-Jul-2017 00:38,03-Jul-2017 08:49,490.747118983666,0.0,0.0,0
04-Jul-2017 01:54,04-Jul-2017 08:48,414.666666666667,0.0,0.0,0
04-Jul-2017 08:50,04-Jul-2017 08:58,8.13266763289769,0.0,0.0,0
05-Jul-2017 01:56,05-Jul-2017 08:18,381.333333333333,0.0,0.0,0
05-Jul-2017 08:24,05-Jul-2017 08:30,5.75013655026754,0.0,0.0,0
06-Jul-2017 00:30,06-Jul-2017 07:09,399.6,0.0,0.0,0
06-Jul-2017 07:10,06-Jul-2017 07:28,17.2790561169386,0.0,0.0,0
07-Jul-2017 00:30,07-Jul-2017 07:28,418.6,0.0,0.0,0
07-Jul-2017 07:39,07-Jul-2017 07:46,7.18265216648579,0.0,0.0,0
08-Jul-2017 00:41,08-Jul-2017 08:05,444.533333333333,0.0,0.0,0
08-Jul-2017 08:08,08-Jul-2017 08:14,6.52354995012283,0.0,0.0,0
09-Jul-2017 00:30,09-Jul-2017 07:28,418.4,0.0,0.0,0
09-Jul-2017 07:30,09-Jul-2017 07:37,7.39262708326181,0.0,0.0,0
10-Jul-2017 00:30,10-Jul-2017 07:44,434.333333333333,0.0,0.0,0
10-Jul-2017 07:55,10-Jul-2017 07:56,1.04523623287678,0.0,0.0,0
11-Jul-2017 00:30,11-Jul-2017 06:49,379.0,0.0,0.0,0
11-Jul-2017 06:49,11-Jul-2017 07:00,10.6501576165358,0.0,0.0,0
11-Jul-2017 23:30,12-Jul-2017 07:18,468.066666666667,0.0,0.0,0
12-Jul-2017 07:27,12-Jul-2017 07:35,7.97399839957555,0.0,0.0,0
13-Jul-2017 00:12,13-Jul-2017 06:09,357.333333333333,0.0,0.0,0
13-Jul-2017 06:10,13-Jul-2017 07:06,56.2666666666667,0.0,0.0,0
13-Jul-2017 23:30,14-Jul-2017 07:16,466.8,0.0,0.0,0
14-Jul-2017 07:29,14-Jul-2017 07:34,5.02379423379898,0.0,0.0,0
14-Jul-2017 23:38,15-Jul-2017 07:09,450.133333333333,0.0,0.0,0
15-Jul-2017 07:12,15-Jul-2017 07:19,6.74619603355726,0.0,0.0,0
16-Jul-2017 00:45,16-Jul-2017 06:29,343.866666666667,0.0,0.0,0
16-Jul-2017 23:30,17-Jul-2017 06:57,447.8,0.0,0.0,0
17-Jul-2017 07:09,17-Jul-2017 07:15,6.44952130019665,0.0,0.0,0
18-Jul-2017 01:27,18-Jul-2017 06:48,321.759270099799,0.0,0.0,0
19-Jul-2017 00:05,19-Jul-2017 06:39,394.224871050318,0.0,0.0,0
20-Jul-2017 01:31,20-Jul-2017 06:39,308.168956350287,0.0,0.0,0
20-Jul-2017 23:34,21-Jul-2017 06:30,416.528938633203,0.0,0.0,0
22-Jul-2017 00:50,22-Jul-2017 07:58,428.8,0.0,0.0,0
22-Jul-2017 08:08,22-Jul-2017 08:12,4.40214511652788,0.0,0.0,0
23-Jul-2017 00:50,23-Jul-2017 07:50,420.173458866278,0.0,0.0,0
23-Jul-2017 23:30,24-Jul-2017 06:57,447.2,0.0,0.0,0
24-Jul-2017 06:59,24-Jul-2017 07:07,7.2,0.0,0.0,0
24-Jul-2017 07:11,24-Jul-2017 07:17,6.03946653306484,0.0,0.0,0
24-Jul-2017 23:30,25-Jul-2017 07:46,496.6,0.0,0.0,0
25-Jul-2017 07:50,25-Jul-2017 07:54,4.15176705022653,0.0,0.0,0
26-Jul-2017 03:20,26-Jul-2017 08:05,285.613566167156,0.0,0.0,0
28-Jul-2017 00:00,28-Jul-2017 07:11,431.768130967021,0.0,0.0,0
29-Jul-2017 00:33,29-Jul-2017 07:19,405.44700302581,0.0,0.0,0
31-Jul-2017 01:05,31-Jul-2017 08:20,435.245923083027,0.0,0.0,0
01-Aug-2017 04:02,01-Aug-2017 08:20,258.294530466199,0.0,0.0,0
02-Aug-2017 01:05,02-Aug-2017 08:29,444.37050173382,0.0,0.0,0
03-Aug-2017 01:05,03-Aug-2017 08:21,436.144422766566,0.0,0.0,0
04-Aug-2017 01:05,04-Aug-2017 08:29,444.791053917011,0.0,0.0,0
05-Aug-2017 01:05,05-Aug-2017 08:39,454.245718316237,0.0,0.0,0
06-Aug-2017 03:58,06-Aug-2017 08:20,262.533031329513,0.0,0.0,0
07-Aug-2017 01:05,07-Aug-2017 08:33,448.377181999882,0.0,0.0,0
08-Aug-2017 07:20,08-Aug-2017 08:20,60.0,0.0,0.0,0
09-Aug-2017 01:05,09-Aug-2017 08:48,463.580407266815,0.0,0.0,0
10-Aug-2017 01:05,10-Aug-2017 08:48,463.539085183541,0.0,0.0,0
11-Aug-2017 01:05,11-Aug-2017 08:39,454.594691849748,0.0,0.0,0
13-Aug-2017 01:05,13-Aug-2017 08:20,435.414709717035,0.0,0.0,0
14-Aug-2017 01:05,14-Aug-2017 08:38,453.86669323345,0.0,0.0,0
15-Aug-2017 01:05,15-Aug-2017 08:20,435.457116083304,0.0,0.0,0
16-Aug-2017 01:05,16-Aug-2017 08:29,444.69875545005,0.0,0.0,0
17-Aug-2017 01:00,17-Aug-2017 07:08,368.236866083741,0.0,0.0,0
18-Aug-2017 01:00,18-Aug-2017 07:56,416.266666666667,0.0,0.0,0
18-Aug-2017 07:59,18-Aug-2017 08:14,14.6,0.0,0.0,0
18-Aug-2017 08:18,18-Aug-2017 08:20,1.93333333333333,0.0,0.0,0
18-Aug-2017 08:22,18-Aug-2017 08:23,1.13333333333333,0.0,0.0,0
18-Aug-2017 08:27,18-Aug-2017 08:27,0.133333333333333,0.0,0.0,0
18-Aug-2017 08:29,18-Aug-2017 08:31,2.13388665020466,0.0,0.0,0
20-Aug-2017 02:28,20-Aug-2017 08:30,362.289281633496,0.0,0.0,0
21-Aug-2017 01:38,21-Aug-2017 08:54,436.395946283142,0.0,0.0,0
22-Aug-2017 01:00,22-Aug-2017 08:58,478.733333333333,0.0,0.0,0
23-Aug-2017 01:00,23-Aug-2017 08:23,443.266666666667,0.0,0.0,0
23-Aug-2017 08:28,23-Aug-2017 08:30,1.87464256683985,0.0,0.0,0
24-Aug-2017 01:00,24-Aug-2017 08:15,435.333333333333,0.0,0.0,0
24-Aug-2017 08:15,24-Aug-2017 08:30,14.3061804334323,0.0,0.0,0
25-Aug-2017 01:00,25-Aug-2017 08:40,460.333333333333,0.0,0.0,0
25-Aug-2017 08:45,25-Aug-2017 08:53,7.53617066641649,0.0,0.0,0
26-Aug-2017 02:00,26-Aug-2017 11:15,555.791201082865,0.0,0.0,0
27-Aug-2017 02:22,27-Aug-2017 09:07,404.666666666667,0.0,0.0,0
27-Aug-2017 09:21,27-Aug-2017 09:30,8.46094371676445,0.0,0.0,0
28-Aug-2017 01:00,28-Aug-2017 08:41,461.933333333333,0.0,0.0,0
28-Aug-2017 08:54,28-Aug-2017 08:58,4.12929614981016,0.0,0.0,0
29-Aug-2017 01:52,29-Aug-2017 08:27,394.866666666667,0.0,0.0,0
29-Aug-2017 08:29,29-Aug-2017 08:30,0.387513432900111,0.0,0.0,0
30-Aug-2017 02:02,30-Aug-2017 08:30,387.821397399902,0.0,0.0,0
31-Aug-2017 01:01,31-Aug-2017 08:18,436.866666666667,0.0,0.0,0
31-Aug-2017 08:21,31-Aug-2017 08:30,8.98831019997597,0.0,0.0,0
01-Sep-2017 02:46,01-Sep-2017 04:27,101.133333333333,0.0,0.0,0
01-Sep-2017 04:27,01-Sep-2017 04:37,9.6,0.0,0.0,0
01-Sep-2017 04:37,01-Sep-2017 04:43,6.2,0.0,0.0,0
01-Sep-2017 04:44,01-Sep-2017 04:59,15.2,0.0,0.0,0
01-Sep-2017 04:59,01-Sep-2017 08:39,220.401910499732,0.0,0.0,0
02-Sep-2017 01:00,02-Sep-2017 08:24,444.666666666667,0.0,0.0,0
02-Sep-2017 08:25,02-Sep-2017 08:30,4.23204693297545,0.0,0.0,0
03-Sep-2017 01:00,03-Sep-2017 11:07,607.200002449751,0.0,0.0,0
04-Sep-2017 03:38,04-Sep-2017 08:49,310.578463932872,0.0,0.0,0
05-Sep-2017 00:20,05-Sep-2017 07:42,442.2,0.0,0.0,0
05-Sep-2017 23:55,06-Sep-2017 08:03,488.066666666667,0.0,0.0,0
06-Sep-2017 08:06,06-Sep-2017 08:12,5.74307278295358,0.0,0.0,0
07-Sep-2017 00:08,07-Sep-2017 07:42,454.2,0.0,0.0,0
08-Sep-2017 23:55,09-Sep-2017 07:54,479.334475500385,0.0,0.0,0
09-Sep-2017 23:55,10-Sep-2017 07:25,450.39061041673,0.0,0.0,0
10-Sep-2017 23:55,11-Sep-2017 08:40,525.542372199893,0.0,0.0,0
11-Sep-2017 23:55,12-Sep-2017 07:44,469.047742399573,0.0,0.0,0
12-Sep-2017 23:55,13-Sep-2017 07:43,468.859813732902,0.0,0.0,0
13-Sep-2017 23:55,14-Sep-2017 07:52,477.955272183816,0.0,0.0,0
15-Sep-2017 01:12,15-Sep-2017 07:25,372.716454233726,0.0,0.0,0
15-Sep-2017 23:55,16-Sep-2017 07:25,450.74663956662,0.0,0.0,0
17-Sep-2017 02:01,17-Sep-2017 07:25,324.51888838311,0.0,0.0,0
18-Sep-2017 01:50,18-Sep-2017 06:35,285.090502083302,0.0,0.0,0
19-Sep-2017 00:00,19-Sep-2017 08:09,488.933333333333,0.0,0.0,0
19-Sep-2017 08:09,19-Sep-2017 08:09,0.0891770670811335,0.0,0.0,0
20-Sep-2017 00:54,20-Sep-2017 08:17,443.094889499744,0.0,0.0,0
22-Sep-2017 01:15,22-Sep-2017 09:08,473.795358266433,0.0,0.0,0
23-Sep-2017 03:02,23-Sep-2017 08:50,348.286532250047,0.0,0.0,0
24-Sep-2017 00:00,24-Sep-2017 08:41,521.168980583549,0.0,0.0,0
25-Sep-2017 00:40,25-Sep-2017 07:20,399.6,0.0,0.0,0
26-Sep-2017 00:19,26-Sep-2017 08:23,484.161942182978,0.0,0.0,0
27-Sep-2017 00:30,27-Sep-2017 07:32,422.133333333333,0.0,0.0,0
28-Sep-2017 02:53,28-Sep-2017 07:47,294.466666666667,0.0,0.0,0
29-Sep-2017 00:00,29-Sep-2017 07:35,455.681789567073,0.0,0.0,0
30-Sep-2017 00:00,30-Sep-2017 07:35,455.412735900283,0.0,0.0,0
02-Oct-2017 00:39,02-Oct-2017 07:53,434.664620216688,0.0,0.0,0
03-Oct-2017 00:59,03-Oct-2017 07:53,414.28735806644,0.0,0.0,0
04-Oct-2017 00:30,04-Oct-2017 07:49,439.466666666667,0.0,0.0,0
04-Oct-2017 07:52,04-Oct-2017 07:56,3.4,0.0,0.0,0
05-Oct-2017 00:30,05-Oct-2017 08:07,457.133333333333,0.0,0.0,0
05-Oct-2017 08:08,05-Oct-2017 08:09,0.887020933628082,0.0,0.0,0
06-Oct-2017 02:24,06-Oct-2017 08:14,350.465142850081,0.0,0.0,0
07-Oct-2017 00:30,07-Oct-2017 08:05,455.182236749927,0.0,0.0,0
08-Oct-2017 02:02,08-Oct-2017 08:27,385.133333333333,0.0,0.0,0
09-Oct-2017 02:00,09-Oct-2017 07:53,353.6,0.0,0.0,0
09-Oct-2017 07:53,09-Oct-2017 08:29,35.6666666666667,0.0,0.0,0
10-Oct-2017 00:38,10-Oct-2017 07:43,425.086739416917,0.0,0.0,0
11-Oct-2017 01:00,11-Oct-2017 08:18,438.937751083573,0.0,0.0,0
12-Oct-2017 01:00,12-Oct-2017 07:53,413.333333333333,0.0,0.0,0
12-Oct-2017 07:55,12-Oct-2017 08:11,15.726254683733,0.0,0.0,0
13-Oct-2017 00:15,13-Oct-2017 07:24,429.558890583118,0.0,0.0,0
14-Oct-2017 14:11,14-Oct-2017 16:21,129.484900528193,0.0,0.0,0
15-Oct-2017 00:15,15-Oct-2017 02:22,127.6,0.0,0.0,0
15-Oct-2017 02:30,15-Oct-2017 02:33,3.06666666666667,0.0,0.0,0
15-Oct-2017 02:33,15-Oct-2017 07:16,282.941999249657,0.0,0.0,0
16-Oct-2017 00:00,16-Oct-2017 07:37,457.680275566379,0.0,0.0,0
17-Oct-2017 01:07,17-Oct-2017 07:00,353.18458626171,0.0,0.0,0
17-Oct-2017 23:30,18-Oct-2017 07:07,457.137068183223,0.0,0.0,0
19-Oct-2017 01:30,19-Oct-2017 08:30,420.18937348326,0.0,0.0,0
20-Oct-2017 01:00,20-Oct-2017 08:09,429.559466133515,0.0,0.0,0
21-Oct-2017 02:24,21-Oct-2017 08:00,335.578288567066,0.0,0.0,0
22-Oct-2017 01:00,22-Oct-2017 07:58,418.933333333333,0.0,0.0,0
22-Oct-2017 08:07,22-Oct-2017 08:09,1.15935271680355,0.0,0.0,0
23-Oct-2017 01:45,23-Oct-2017 08:00,374.466793933511,0.0,0.0,0
24-Oct-2017 02:02,24-Oct-2017 08:18,376.629878900448,0.0,0.0,0
26-Oct-2017 01:00,26-Oct-2017 08:18,438.648361800114,0.0,0.0,0
27-Oct-2017 01:00,27-Oct-2017 08:26,446.8,0.0,0.0,0
28-Oct-2017 04:04,28-Oct-2017 08:10,245.752792333563,0.0,0.0,0
30-Oct-2017 09:02,30-Oct-2017 09:06,3.90600876708825,0.0,0.0,0
30-Oct-2017 23:00,31-Oct-2017 07:39,519.828821067015,0.0,0.0,0
31-Oct-2017 23:27,01-Nov-2017 07:27,480.266666666667,0.0,0.0,0
02-Nov-2017 06:13,02-Nov-2017 07:37,84.205898158749,0.0,0.0,0
03-Nov-2017 00:01,03-Nov-2017 07:00,418.805002267162,0.0,0.0,0
03-Nov-2017 23:00,04-Nov-2017 00:58,118.933333333333,0.0,0.0,0
04-Nov-2017 01:00,04-Nov-2017 01:00,0.4,0.0,0.0,0
04-Nov-2017 01:04,04-Nov-2017 01:05,1.0,0.0,0.0,0
04-Nov-2017 01:07,04-Nov-2017 07:00,352.64760504961,0.0,0.0,0
05-Nov-2017 00:35,05-Nov-2017 08:35,540.494341616829,0.0,0.0,0
06-Nov-2017 23:33,07-Nov-2017 07:46,493.0,0.0,0.0,0
07-Nov-2017 07:48,07-Nov-2017 07:48,0.0836455504099528,0.0,0.0,0
07-Nov-2017 23:30,08-Nov-2017 07:45,495.333333333333,0.0,0.0,0
08-Nov-2017 23:30,09-Nov-2017 07:55,505.0,0.0,0.0,0
09-Nov-2017 07:55,09-Nov-2017 08:00,4.93745430012544,0.0,0.0,0
09-Nov-2017 23:30,10-Nov-2017 07:10,460.2,0.0,0.0,0
10-Nov-2017 07:11,10-Nov-2017 07:30,19.3480438828468,0.0,0.0,0
11-Nov-2017 01:40,11-Nov-2017 07:30,349.492173966765,0.0,0.0,0
11-Nov-2017 23:36,12-Nov-2017 07:30,473.735092032949,0.0,0.0,0
12-Nov-2017 23:30,13-Nov-2017 07:39,489.469352033734,0.0,0.0,0
13-Nov-2017 23:54,14-Nov-2017 07:30,455.866666666667,0.0,0.0,0
14-Nov-2017 07:31,14-Nov-2017 07:52,21.7784676671028,0.0,0.0,0
15-Nov-2017 00:44,15-Nov-2017 07:48,423.942153211435,0.0,0.0,0
16-Nov-2017 00:33,16-Nov-2017 07:51,438.64749080042,0.0,0.0,0
16-Nov-2017 23:30,17-Nov-2017 07:39,489.381210666895,0.0,0.0,0
18-Nov-2017 01:18,18-Nov-2017 07:58,399.500280033549,0.0,0.0,0
19-Nov-2017 04:58,19-Nov-2017 07:30,152.189039749901,0.0,0.0,0
19-Nov-2017 23:34,20-Nov-2017 07:48,494.530119083325,0.0,0.0,0
20-Nov-2017 23:30,21-Nov-2017 07:37,487.6,0.0,0.0,0
22-Nov-2017 00:15,22-Nov-2017 07:58,462.933333333333,0.0,0.0,0
22-Nov-2017 23:30,23-Nov-2017 07:30,480.229738183816,0.0,0.0,0
24-Nov-2017 00:40,24-Nov-2017 08:07,447.265426533421,0.0,0.0,0
24-Nov-2017 23:30,25-Nov-2017 08:15,525.870365783572,0.0,0.0,0
25-Nov-2017 23:58,26-Nov-2017 07:58,479.966332466404,0.0,0.0,0
26-Nov-2017 23:30,27-Nov-2017 07:30,480.466666666667,0.0,0.0,0
28-Nov-2017 00:38,28-Nov-2017 07:48,430.085037216544,0.0,0.0,0
28-Nov-2017 23:42,29-Nov-2017 06:28,406.42567268312,0.0,0.0,0
29-Nov-2017 23:30,30-Nov-2017 06:00,390.497875700394,0.0,0.0,0
30-Nov-2017 23:36,01-Dec-2017 06:00,383.666666666667,0.0,0.0,0
01-Dec-2017 06:01,01-Dec-2017 07:09,67.9333333333333,0.0,0.0,0
01-Dec-2017 23:30,02-Dec-2017 07:35,485.239944716295,0.0,0.0,0
03-Dec-2017 00:00,03-Dec-2017 07:37,457.245589900017,0.0,0.0,0
04-Dec-2017 02:03,04-Dec-2017 07:44,341.312106259664,0.0,0.0,0
05-Dec-2017 01:00,05-Dec-2017 07:18,378.933333333333,0.0,0.0,0
05-Dec-2017 07:19,05-Dec-2017 07:30,10.8301612665256,0.0,0.0,0
06-Dec-2017 01:00,06-Dec-2017 07:30,390.32839841644,0.0,0.0,0
07-Dec-2017 01:00,07-Dec-2017 07:07,367.6,0.0,0.0,0
07-Dec-2017 07:09,07-Dec-2017 07:10,1.2,0.0,0.0,0
07-Dec-2017 07:11,07-Dec-2017 07:13,1.6,0.0,0.0,0
07-Dec-2017 07:15,07-Dec-2017 07:26,11.2,0.0,0.0,0
08-Dec-2017 01:00,08-Dec-2017 07:30,390.215160633127,0.0,0.0,0
09-Dec-2017 05:38,09-Dec-2017 07:41,123.176338067651,0.0,0.0,0
10-Dec-2017 01:19,10-Dec-2017 07:59,400.2,0.0,0.0,0
10-Dec-2017 08:00,10-Dec-2017 08:09,8.59845139980316,0.0,0.0,0
10-Dec-2017 23:56,11-Dec-2017 06:53,417.933333333333,0.0,0.0,0
11-Dec-2017 06:54,11-Dec-2017 07:04,10.6591638167699,0.0,0.0,0
11-Dec-2017 23:49,12-Dec-2017 07:24,455.466914742192,0.0,0.0,0
13-Dec-2017 00:00,13-Dec-2017 07:58,478.439765500029,0.0,0.0,0
14-Dec-2017 00:58,14-Dec-2017 07:49,410.606511500478,0.0,0.0,0
15-Dec-2017 00:00,15-Dec-2017 07:30,450.342221267025,0.0,0.0,0
16-Dec-2017 03:31,16-Dec-2017 07:30,238.565936308106,0.0,0.0,0
17-Dec-2017 00:08,17-Dec-2017 07:30,442.593169982235,0.0,0.0,0
18-Dec-2017 00:59,18-Dec-2017 08:30,451.117621366183,0.0,0.0,0
19-Dec-2017 00:00,19-Dec-2017 08:36,516.906520750125,0.0,0.0,0
21-Dec-2017 00:14,21-Dec-2017 04:05,230.862400669853,0.0,0.0,0
22-Dec-2017 00:49,22-Dec-2017 10:30,580.688149767121,0.0,0.0,0
23-Dec-2017 01:21,23-Dec-2017 10:47,565.6,0.0,0.0,0
24-Dec-2017 09:50,24-Dec-2017 10:24,34.5333333333333,0.0,0.0,0
24-Dec-2017 10:25,24-Dec-2017 10:30,4.40824593305588,0.0,0.0,0
25-Dec-2017 00:00,25-Dec-2017 02:09,129.466666666667,0.0,0.0,0
25-Dec-2017 02:10,25-Dec-2017 02:14,4.8,0.0,0.0,0
25-Dec-2017 02:15,25-Dec-2017 06:28,253.0,0.0,0.0,0
26-Dec-2017 01:00,26-Dec-2017 07:03,363.666279816627,0.0,0.0,0
27-Dec-2017 01:41,27-Dec-2017 07:11,330.466366506616,0.0,0.0,0
28-Dec-2017 01:00,28-Dec-2017 07:04,364.144148316979,0.0,0.0,0
29-Dec-2017 01:00,29-Dec-2017 07:00,360.34915026625,0.0,0.0,0
30-Dec-2017 01:00,30-Dec-2017 10:00,539.662030599515,0.0,0.0,0
31-Dec-2017 05:06,31-Dec-2017 10:00,293.480618349711,0.0,0.0,0
02-Jan-2018 01:29,02-Jan-2018 10:02,513.243443800012,0.0,0.0,0
03-Jan-2018 01:00,03-Jan-2018 03:46,166.4,0.0,0.0,0
03-Jan-2018 03:46,03-Jan-2018 09:18,331.958327016234,0.0,0.0,0
04-Jan-2018 00:47,04-Jan-2018 09:33,526.133333333333,0.0,0.0,0
05-Jan-2018 01:18,05-Jan-2018 08:00,402.236629750331,0.0,0.0,0
06-Jan-2018 02:43,06-Jan-2018 08:06,323.31564980944,0.0,0.0,0
07-Jan-2018 03:18,07-Jan-2018 08:23,305.713888416688,0.0,0.0,0
08-Jan-2018 03:09,08-Jan-2018 08:03,294.249049099286,0.0,0.0,0
09-Jan-2018 01:06,09-Jan-2018 08:10,423.533333333333,0.0,0.0,0
09-Jan-2018 08:13,09-Jan-2018 08:23,10.2466829836369,0.0,0.0,0
10-Jan-2018 08:00,10-Jan-2018 09:01,60.5962875902653,0.0,0.0,0
11-Jan-2018 00:34,11-Jan-2018 08:32,477.691921550035,0.0,0.0,0
12-Jan-2018 01:12,12-Jan-2018 08:02,409.710183850924,0.0,0.0,0
13-Jan-2018 04:17,13-Jan-2018 08:00,222.396418567499,0.0,0.0,0
14-Jan-2018 03:28,14-Jan-2018 08:00,271.986528166135,0.0,0.0,0
15-Jan-2018 12:20,15-Jan-2018 12:30,10.1022761325041,0.0,0.0,0
16-Jan-2018 01:00,16-Jan-2018 08:37,457.2,0.0,0.0,0
16-Jan-2018 08:43,16-Jan-2018 08:43,0.76972118417422,0.0,0.0,0
17-Jan-2018 02:30,17-Jan-2018 10:30,480.320473949115,0.0,0.0,0
18-Jan-2018 10:21,18-Jan-2018 10:26,5.06666666666667,0.0,0.0,0
19-Jan-2018 02:30,19-Jan-2018 10:19,469.066666666667,0.0,0.0,0
19-Jan-2018 10:19,19-Jan-2018 10:19,0.4,0.0,0.0,0
19-Jan-2018 10:23,19-Jan-2018 10:30,6.29700605074565,0.0,0.0,0
20-Jan-2018 02:30,20-Jan-2018 09:48,438.933333333333,0.0,0.0,0
20-Jan-2018 09:56,20-Jan-2018 10:30,33.3974335491657,0.0,0.0,0
21-Jan-2018 06:14,21-Jan-2018 10:30,255.598702216148,0.0,0.0,0
22-Jan-2018 02:30,22-Jan-2018 11:02,512.666666666667,0.0,0.0,0
23-Jan-2018 02:30,23-Jan-2018 10:58,508.038452082872,0.0,0.0,0
24-Jan-2018 02:58,24-Jan-2018 10:59,480.993063433965,0.0,0.0,0
25-Jan-2018 03:44,25-Jan-2018 10:58,433.266666666667,0.0,0.0,0
25-Jan-2018 11:21,25-Jan-2018 11:29,8.2,0.0,0.0,0
25-Jan-2018 11:37,25-Jan-2018 11:43,5.66666666666667,0.0,0.0,0
26-Jan-2018 00:49,26-Jan-2018 07:49,419.933333333333,0.0,0.0,0
27-Jan-2018 01:16,27-Jan-2018 07:51,395.116973900795,0.0,0.0,0
28-Jan-2018 01:52,28-Jan-2018 07:44,351.770902967453,0.0,0.0,0
29-Jan-2018 03:00,29-Jan-2018 08:58,358.133333333333,0.0,0.0,0
29-Jan-2018 09:00,29-Jan-2018 09:50,50.2666666666667,0.0,0.0,0
29-Jan-2018 09:51,29-Jan-2018 09:55,3.8,0.0,0.0,0
29-Jan-2018 09:56,29-Jan-2018 11:01,64.9155014336109,0.0,0.0,0
30-Jan-2018 03:00,30-Jan-2018 09:58,418.533333333333,0.0,0.0,0
30-Jan-2018 10:38,30-Jan-2018 10:40,1.26666666666667,0.0,0.0,0
30-Jan-2018 10:40,30-Jan-2018 10:44,3.4,0.0,0.0,0
30-Jan-2018 10:49,30-Jan-2018 11:00,10.1830177168051,0.0,0.0,0
31-Jan-2018 03:03,31-Jan-2018 12:23,559.933333333333,0.0,0.0,0
01-Feb-2018 03:30,01-Feb-2018 11:58,508.255468833447,0.0,0.0,0
02-Feb-2018 04:52,02-Feb-2018 10:55,363.2,0.0,0.0,0
02-Feb-2018 10:56,02-Feb-2018 11:15,19.4666666666667,0.0,0.0,0
03-Feb-2018 03:30,03-Feb-2018 12:13,523.078015599648,0.0,0.0,0
04-Feb-2018 04:07,04-Feb-2018 13:00,533.630577266216,0.0,0.0,0
05-Feb-2018 03:55,05-Feb-2018 13:44,588.937348916133,0.0,0.0,0
06-Feb-2018 04:00,06-Feb-2018 11:10,430.333333333333,0.0,0.0,0
07-Feb-2018 03:00,07-Feb-2018 09:22,382.066666666667,0.0,0.0,0
07-Feb-2018 09:45,07-Feb-2018 11:19,94.0556876838207,0.0,0.0,0
08-Feb-2018 04:30,08-Feb-2018 12:17,467.333333333333,0.0,0.0,0
08-Feb-2018 12:18,08-Feb-2018 12:18,0.333333333333333,0.0,0.0,0
08-Feb-2018 12:23,08-Feb-2018 12:23,0.2,0.0,0.0,0
09-Feb-2018 05:03,09-Feb-2018 11:00,356.508884032567,0.0,0.0,0
10-Feb-2018 03:06,10-Feb-2018 10:18,431.8,0.0,0.0,0
10-Feb-2018 10:20,10-Feb-2018 10:20,0.0666666666666667,0.0,0.0,0
10-Feb-2018 10:20,10-Feb-2018 10:20,0.0666666666666667,0.0,0.0,0
10-Feb-2018 10:21,10-Feb-2018 10:38,17.0,0.0,0.0,0
10-Feb-2018 10:41,10-Feb-2018 10:51,9.86666666666667,0.0,0.0,0
10-Feb-2018 10:51,10-Feb-2018 11:00,8.78679340084394,0.0,0.0,0
11-Feb-2018 03:25,11-Feb-2018 11:00,455.709145450592,0.0,0.0,0
12-Feb-2018 04:40,12-Feb-2018 11:59,439.333333333333,0.0,0.0,0
13-Feb-2018 00:30,13-Feb-2018 07:00,390.863342450062,0.0,0.0,0
14-Feb-2018 05:00,14-Feb-2018 11:42,402.533333333333,0.0,0.0,0
14-Feb-2018 11:44,14-Feb-2018 11:45,0.276584567626317,0.0,0.0,0
15-Feb-2018 00:00,15-Feb-2018 09:15,555.521091167132,0.0,0.0,0
16-Feb-2018 01:59,16-Feb-2018 08:09,370.041248283784,0.0,0.0,0
17-Feb-2018 01:30,17-Feb-2018 10:07,517.933333333333,0.0,0.0,0
17-Feb-2018 10:13,17-Feb-2018 10:13,0.116472349564234,0.0,0.0,0
18-Feb-2018 06:03,18-Feb-2018 09:30,207.147789633274,0.0,0.0,0
19-Feb-2018 02:59,19-Feb-2018 09:33,393.987559133768,0.0,0.0,0
20-Feb-2018 03:11,20-Feb-2018 03:12,1.06666666666667,0.0,0.0,0
20-Feb-2018 03:13,20-Feb-2018 09:32,379.781086266041,0.0,0.0,0
21-Feb-2018 05:00,21-Feb-2018 12:00,420.290563533704,0.0,0.0,0
22-Feb-2018 05:00,22-Feb-2018 12:01,421.0,0.0,0.0,0
22-Feb-2018 12:01,22-Feb-2018 12:09,7.83043040037155,0.0,0.0,0
23-Feb-2018 05:00,23-Feb-2018 12:06,426.2,0.0,0.0,0
24-Feb-2018 11:01,24-Feb-2018 11:51,50.0,0.0,0.0,0
25-Feb-2018 05:00,25-Feb-2018 12:00,420.325827550888,0.0,0.0,0
26-Feb-2018 00:30,26-Feb-2018 07:30,420.391849833727,0.0,0.0,0
27-Feb-2018 03:37,27-Feb-2018 04:20,43.6,0.0,0.0,0
27-Feb-2018 04:23,27-Feb-2018 07:30,186.71071138382,0.0,0.0,0
28-Feb-2018 00:56,28-Feb-2018 09:30,513.921473000447,0.0,0.0,0
01-Mar-2018 02:07,01-Mar-2018 09:29,442.234502633413,0.0,0.0,0
